{
    "accuracy": 0.7754010695187166,
    "f1_score": 0.7726368865376482,
    "classification_report": "                 precision    recall  f1-score   support\n\n     Conspiracy       0.50      0.46      0.48       194\n    Fake remedy       0.68      0.64      0.66       101\nFalse reporting       0.85      0.86      0.85       827\n\n       accuracy                           0.78      1122\n      macro avg       0.67      0.66      0.67      1122\n   weighted avg       0.77      0.78      0.77      1122\n"
}