{
    "accuracy": 0.9393479909021987,
    "f1_score": 0.9155903831804548,
    "classification_report": "              precision    recall  f1-score   support\n\n           0       0.94      1.00      0.97      1230\n           1       0.00      0.00      0.00        58\n           2       0.58      0.35      0.44        31\n\n    accuracy                           0.94      1319\n   macro avg       0.51      0.45      0.47      1319\nweighted avg       0.89      0.94      0.92      1319\n"
}