{
    "accuracy": 0.9347990902198635,
    "f1_score": 0.9233060513240389,
    "classification_report": "              precision    recall  f1-score   support\n\n           0       0.95      0.99      0.97      1226\n           1       0.58      0.40      0.47        35\n           2       0.50      0.19      0.28        58\n\n    accuracy                           0.93      1319\n   macro avg       0.68      0.52      0.57      1319\nweighted avg       0.92      0.93      0.92      1319\n"
}